url,title,meta_description,h1_count,h2_count,image_count,image_missing_alt_count,word_count,clean_text,status_code,content_hash,is_duplicate,duplicate_group,internal_inlinks,internal_outlinks,anchor_texts,link_score,is_weak_page,is_overlinked,robots_txt_found,sitemap_found,sitemap_url_count,seo_score
https://www.directmeds.com.au/,Doctor-Led Telehealth in Australia | DirectMeds,Access trusted telehealth services in Australia. Consult registered doctors online & receive approved prescription treatments delivered discreetly to your door.,0,0,2,1,8,Doctor-Led Telehealth in Australia | DirectMeds Loading DirectMeds...,200,d85658136581aec9c503f8d44c411ce4,True,d85658136581aec9c503f8d44c411ce4,14,0,"aussie licensed healthcare provider, directmeds australia, online doctor consultations, directmeds health — australia, directmeds, confidential online ed consultation with directmeds, start your confidential ed consultation, confidential online consult with directmeds, confidential online ed consult at directmeds, directmeds online consultation",100.0,False,False,True,True,19,29
https://www.directmeds.com.au/treatments/erectile-dysfunction,Online Erectile Dysfunction Treatment Australia | Doctor-Approved ED Care,"Get safe, doctor-approved erectile dysfunction treatment online in Australia. Quick assessment, discreet delivery, and no clinic visits required.",0,0,2,1,11,Online Erectile Dysfunction Treatment Australia | Doctor-Approved ED Care Loading DirectMeds...,200,5451ea95dffd90c221b809e782426d78,False,,1,0,erectile dysfunction,7.142857142857142,True,False,True,True,19,39
https://www.directmeds.com.au/treatments/acne,Doctor-Led Telehealth in Australia | DirectMeds,Access trusted telehealth services in Australia. Consult registered doctors online & receive approved prescription treatments delivered discreetly to your door.,0,0,2,1,8,Doctor-Led Telehealth in Australia | DirectMeds Loading DirectMeds...,200,d85658136581aec9c503f8d44c411ce4,True,d85658136581aec9c503f8d44c411ce4,0,0,,0.0,True,False,True,True,19,29
https://www.directmeds.com.au/blog,Men's Health & Telehealth Blog | DirectMeds Australia,"Explore expert-reviewed articles on men's health, telehealth, prescriptions, and treatment options written to inform, not overwhelm.",0,0,2,1,10,Men's Health & Telehealth Blog | DirectMeds Australia Loading DirectMeds...,200,d38f03a5beef77248975d381c5ed0bd0,False,,0,0,,0.0,True,False,True,True,19,39
https://www.directmeds.com.au/privacy,Privacy Policy | DirectMeds Australia,Learn how DirectMeds protects your personal and medical information. We follow strict Australian privacy and data-security standards.,1,8,2,1,299,"Privacy Policy | DirectMeds Australia DirectMeds Privacy Policy Privacy Protection Commitment DirectMeds is committed to protecting your personal health information under the Australian Privacy Act 1988, Australian Health Records and Information Privacy Act, and international medical privacy standards including HIPAA-equivalent protections. Health Information Collection We collect personal health information including medical history, current symptoms, medication details, consultation records, prescription information, payment data, and communication records for the purpose of providing comprehensive telehealth services. Data Protection and Security Patient data is encrypted using AES-256 encryption, stored on secure Australian servers, protected by multi-factor authentication, regularly backed up with disaster recovery protocols, and monitored with 24/7 security systems to prevent unauthorized access. Information Sharing and Disclosure Patient information is only shared with licensed practitioners for consultation purposes, pharmacy partners for prescription fulfillment, payment processors for billing, and healthcare authorities when legally required. No marketing or commercial sharing occurs without explicit consent. Patient Privacy Rights Patients have the right to access their medical records, request information corrections, receive copies of consultations, delete account data, withdraw consent, and file privacy complaints with the Office of the Australian Information Commissioner (OAIC). Data Retention and Deletion Medical records are retained for 7 years as required by Australian medical record-keeping standards. Payment information is retained for accounting purposes. Personal data can be deleted upon request except where legal retention requirements apply. Cookies and Website Tracking Essential cookies enable platform functionality, analytics cookies improve service quality, and marketing cookies can be disabled. No personally identifiable health information is stored in cookies or shared with third-party advertising platforms. Data Breach Procedures In the event of a data breach, affected patients are notified within 72 hours, the OAIC is informed as required, remediation steps are immediately implemented, and additional security measures are deployed to prevent future incidents. Loading DirectMeds...",200,d146ed8ef60702fcc4fab624fe119f78,False,,0,0,,0.0,True,False,True,True,19,45
https://www.directmeds.com.au/terms,Terms & Conditions | DirectMeds Telehealth Services,"Review the terms and conditions governing the use of DirectMeds' online telehealth services, consultations, and prescription delivery.",1,9,2,1,338,"Terms & Conditions | DirectMeds Telehealth Services DirectMeds Terms of Service Medical Consultation Agreement By using DirectMeds, patients agree to telehealth consultation terms, practitioner-patient relationship establishment, medical advice acceptance, prescription compliance, and treatment plan adherence under Australian medical law and AHPRA practitioner standards. Practitioner Licensing and Qualifications All DirectMeds practitioners are licensed by AHPRA, maintain current medical registration, complete continuing professional development, undergo regular compliance audits, and practice within scope of telehealth regulations for erectile dysfunction and men's health treatments. Patient Responsibilities and Obligations Patients must provide accurate medical history, disclose current medications, follow prescribed treatment plans, attend scheduled consultations, report adverse reactions, maintain appointment etiquette, and pay consultation fees according to agreed terms. Treatment Scope and Medical Limitations DirectMeds provides consultations for specific conditions including erectile dysfunction and men's health. Emergency situations require immediate in-person care. Practitioners may refer patients to specialists or emergency services when necessary for optimal patient safety. Prescription and Medication Policies Prescriptions are issued only after appropriate medical assessment, comply with TGA regulations, require patient eligibility verification, include proper dosage instructions, and are dispensed through licensed pharmacy partners with secure delivery protocols. Billing, Payment, and Refund Terms Consultation fees are charged upon service completion, payment is processed securely through encrypted systems, refunds are provided for cancelled consultations per policy, billing disputes are resolved within 30 days, and payment methods include credit cards and digital payments. Appointment Scheduling and Cancellation Appointments can be scheduled online, rescheduled with 24-hour notice, cancelled without penalty before consultation, late cancellation fees may apply, no-show appointments are charged standard fees, and urgent consultations are accommodated based on practitioner availability. Liability Limitations and Disclaimers DirectMeds liability is limited to consultation fees paid, excludes consequential damages, requires reasonable care standards, maintains professional indemnity insurance, and operates under Australian consumer law protections and medical practice liability frameworks. Dispute Resolution and Complaints Patient complaints are handled through internal processes, escalated to healthcare ombudsman when necessary, resolved according to Australian healthcare standards, mediated through professional bodies, and documented for continuous improvement purposes. Loading DirectMeds...",200,bfe5dbc542fd7b5dd0e6db38042a810f,False,,0,0,,0.0,True,False,True,True,19,49
https://www.directmeds.com.au/contact,Contact DirectMeds | Australian Online Telehealth Support,"Have questions about our telehealth services or prescriptions? Contact DirectMeds for secure, confidential support from our Australian team.",0,0,2,1,9,Contact DirectMeds | Australian Online Telehealth Support Loading DirectMeds...,200,48022df039b9e7bbdeb3bf75016c5bf3,False,,1,0,contact,7.142857142857142,True,False,True,True,19,39
https://www.directmeds.com.au/blog/acne-treatment,Acne Treatment | DirectMeds Blog,Browse articles about Acne Treatment on the DirectMeds blog. Expert health content and advice from medical professionals.,0,0,2,1,7,Acne Treatment | DirectMeds Blog Loading DirectMeds...,200,cb0dbcb76f7b546bdc5c90646aeee96c,False,,0,0,,0.0,True,False,True,True,19,39
https://www.directmeds.com.au/blog/erectile-dysfunction,Erectile Dysfunction | DirectMeds Blog,Browse articles about Erectile Dysfunction on the DirectMeds blog. Expert health content and advice from medical professionals.,0,0,2,1,7,Erectile Dysfunction | DirectMeds Blog Loading DirectMeds...,200,9e17d3baffbbaa16138a665d5ec398e9,False,,0,0,,0.0,True,False,True,True,19,39
https://www.directmeds.com.au/blog/erectile-dysfunction/does-baking-soda-help-erectile-dysfunction-myths-science-and-real-solutions,Can Baking Soda Treat Erectile Dysfunction?,"Baking soda is often mentioned as a home remedy for ED. Learn the truth behind the myth, what science says, and the proven treatments that actually work for ED.",1,10,3,1,2401,"Can Baking Soda Treat Erectile Dysfunction? Does Baking Soda Help Erectile Dysfunction? Myths, Science, and Real Solutions Baking soda is often mentioned as a home remedy for erectile dysfunction. But the popularity of this search says more about how common and personal ED is than about the remedy itself. When confidence and relationships are affected, people look for solutions that feel simple and private. That’s how ideas like the “baking soda trick” spread not because they’re scientifically proven, but because they promise an easy fix to a sensitive problem. By Dr. Zae Al-zubaidi 2/14/2026 The fact that so many people search for baking soda and erectile dysfunction together says more about the problem than the remedy. Erectile dysfunction is deeply personal. It can feel isolating, frustrating, and difficult to talk about, even with a doctor. When something affects confidence, relationships, or identity, people naturally look for answers that feel simple, private, and accessible. That is how home remedies gain traction. Ideas like the so-called “baking soda trick” spread not because they are supported by science, but because they promise an easy fix to a sensitive issue. Simple, however, does not mean safe. And popular does not mean true. Can Baking Soda Improve Erections? The short and clear answer is no. There is no scientific evidence showing that baking soda improves erections or treats erectile dysfunction . Baking soda, or sodium bicarbonate, does have legitimate medical uses. In hospital settings, it may be used in very specific situations to correct severe acid–base imbalances in the blood. These situations are tightly monitored and unrelated to sexual health, blood flow to the penis, or erectile function. The belief that baking soda can help with erections persists because it sounds plausible on the surface. Plausibility, however, is not the same as proof. The Theory Behind the Baking Soda–Erectile Dysfunction Connection Most versions of this claim follow a similar line of reasoning. Erectile dysfunction is often described as a circulation problem. Circulation problems are then blamed on an acidic body. Baking soda is alkaline. Therefore, consuming baking soda is assumed to improve circulation and, by extension, erections. Each step in this logic chain is either oversimplified or incorrect. It is true that healthy blood flow is essential for erections. It is not true that the human body becomes meaningfully “acidic” due to diet or lifestyle in a way that affects erectile function. The body regulates blood pH within a very narrow range, regardless of what you eat or drink. Baking soda does not alter this system in a way that improves vascular performance in the penis. This theory borrows legitimate medical concepts - pH balance, circulation, nitric oxide, but connects them inaccurately. That is why it can sound convincing while still being wrong. What Is the Baking Soda Trick for ED? The phrase ‘baking soda trick’ usually refers to advice shared on forums, videos, or wellness blogs suggesting that mixing baking soda with water and drinking it can improve erections. These claims are not supported by clinical studies. They rely almost entirely on anecdotal experiences. Someone tries it, notices a temporary sensation or change in perception, and attributes that to the baking soda. This is a classic example of the placebo effect. Placebo effects can influence how someone feels in the moment. They do not correct underlying vascular, neurological, hormonal, or psychological causes of erectile dysfunction. Confusing temporary perception with real physiological improvement is where misinformation becomes risky. How Erections Actually Work Understanding how erections function makes it clear why baking soda does not help. An erection is a complex vascular process regulated by the brain, nerves, hormones, and blood vessels working together. Sexual arousal begins in the brain, which sends signals through nerves to the blood vessels in the penis. These vessels relax and widen, allowing blood to flow rapidly into erectile tissue. At the same time, veins constrict to trap that blood, creating firmness. Erectile dysfunction occurs when one or more parts of this system are disrupted. The most common causes include poor blood vessel health, reduced nitric oxide availability, nerve damage, hormonal imbalances, and psychological factors such as stress, anxiety, or depression. None of these mechanisms are improved by altering stomach acidity or consuming baking soda. Erectile function depends on vascular health, neural signaling, and psychological state, not on alkalizing the body. Why Alkalizing Your Body Will Not Cure ED 1. Your Body Already Controls Its pH, Tightly One of the most common assumptions behind “alkalizing” remedies is that the body’s pH can be meaningfully shifted through diet or supplements. In reality, human blood pH is regulated within an extremely narrow range by the lungs and kidneys. This balance is so critical that even small deviations can become life-threatening. If your blood pH were to move significantly outside that range, you would not be experiencing erectile dysfunction, you would be facing a medical emergency. When substances like baking soda are consumed, the body immediately compensates to restore equilibrium. In other words, drinking baking soda does not rebalance your system in a helpful way. It simply triggers corrective mechanisms that bring pH back to baseline. Human physiology is not something that can be safely “hacked” with household ingredients. 2. pH Has Nothing to Do with Penile Blood Flow Erections are driven by a coordinated system involving blood vessels, nerve signaling, hormone levels, and nitric oxide availability. These processes depend on vascular health and neurological function, not on the acidity or alkalinity of the stomach or urine. Even if baking soda temporarily changes digestive acidity, it does not relax penile arteries, improve endothelial function, or restore damaged blood vessels. The idea that alkalinity directly improves erections does not hold up when examined through basic cardiovascular physiology. The two systems are simply not connected in the way these claims suggest. 3. The Alkaline Theory Confuses Correlation with Cause People often associate fatigue, inflammation, or poor circulation with being “too acidic,” but this reflects a misunderstanding of how chronic conditions work. Health issues commonly linked to erectile dysfunction, such as diabetes, hypertension, obesity, and cardiovascular disease - may coexist with general poor health markers, but acidity itself is not the cause. Focusing on alkalinity distracts from the real drivers of erectile dysfunction and can delay proper diagnosis and treatment. Treating a myth instead of addressing the underlying condition allows the true cause to progress unchecked. 4 Potential Risks of Using Baking Soda for ED 1. Electrolyte Imbalance Baking soda contains a high concentration of sodium. Consuming it regularly can disrupt the body’s electrolyte balance, which is essential for normal nerve signaling and muscle function. Electrolyte disturbances may cause weakness, cramping, confusion, and in severe cases, abnormal heart rhythms. These disruptions directly interfere with systems that support sexual function rather than improving them. 2. Increased Blood Pressure Excess sodium intake is strongly associated with elevated blood pressure. Over time, high blood pressure damages blood vessels and restricts healthy blood flow, making it one of the most common physical contributors to erectile dysfunction. Using baking soda in an attempt to improve erections can therefore worsen one of the underlying conditions most closely linked to ED. 3. Kidney Stress and Fluid Retention The kidneys play a central role in regulating sodium levels and maintaining acid–base balance. Repeated bicarbonate intake increases renal workload and can lead to fluid retention and kidney strain. This risk is especially concerning for individuals with undiagnosed kidney issues. Kidney function and sexual health are closely connected, and added stress on this system can have cascading effects. 4. Digestive and Metabolic Complications Ingesting baking soda commonly causes gastrointestinal side effects, including nausea, bloating, abdominal pain, and vomiting. In more serious cases, excessive intake can lead to metabolic alkalosis, a condition in which blood becomes overly alkaline. Symptoms may include dizziness, confusion, muscle twitching, and weakness , none of which support sexual performance or overall health. What You Can Actually Do If You’re Dealing With ED (Alternatives to Baking Soda for Erectile Dysfunction) If you’re struggling with erectile dysfunction, the most important first step is simple: talk to a doctor. ED usually isn’t random. It often has an underlying cause like blood flow issues, hormones, stress, or lifestyle factors. A proper medical check helps identify what’s really going on so your treatment is based on facts, not guesswork. It’s also worth remembering that ED is a medical condition , not a personal failure. And the safest, most reliable results come from treatments that are backed by science not home remedies or viral hacks like baking soda. What Actually Helps (and Is Proven to Work) for ED 1. Doctor-Prescribed Medications For many men, oral ED medications are the first and most effective option. These include: Sildenafil (Viagra) Sildenafil is one of the oldest and most widely used ED medications. It usually starts working within 30–60 minutes and lasts for about 4–6 hours . It’s often taken only when needed , before sexual activity. Some men notice it works best on an empty stomach. Good fit if you want: A reliable, well-tested option Something you take occasionally, not daily A lower-cost starting point Tadalafil (Cialis) Tadalafil is known as the “weekend pill” because it can last up to 36 hours . That means less pressure to time things perfectly. It can be taken daily in a low dose or as needed , which many men prefer for a more natural, spontaneous experience. Good fit if you want: Flexibility and spontaneity A longer window instead of strict timing A daily-treatment option Vardenafil (Levitra) Vardenafil works in a similar way to sildenafil but may be slightly more potent for some men who were not responsive to other medications. It usually kicks in within 30–60 minutes and lasts around 4–5 hours . Good fit if you want: An alternative if Viagra didn’t work well A medication that may be effective at lower doses More consistency for certain medical conditions Avanafil (Stendra) Avanafil is the newest of the four and is known for its quick onset . Some men feel effects in as little as 15–30 minutes . It’s also designed to be more selective , which can mean fewer side effects for some users. Good fit if you want: Faster results Less planning A newer option with a cleaner feel 2. Small Lifestyle Changes That Add Up Your daily habits play a bigger role than most people realize. Improvements often come from: Eating a balanced, heart-healthy diet Staying physically active (even light exercise helps) Managing stress and anxiety Quitting smoking Cutting back on alcohol These changes don’t just help with ED. They support overall sexual and long-term health. 3. Advanced Treatment Options If pills aren’t suitable or don’t work for you, there are other proven medical options available, such as: Penile injections Vacuum erection devices Shockwave therapy Penileimplants (for severe cases) A doctor can help decide which option makes sense based on your condition and comfort level. 4. Therapy and Mental Health Support Sometimes ED isn’t physical at all or it’s partly mental. Stress, performance anxiety, and emotional pressure can all affect sexual function. In these cases, counseling or sex therapy can be extremely effective, helping reduce anxiety, rebuild confidence, and address the root cause instead of just the symptom. Final Takeaway: Myths Are Easy, Real Solutions Work Baking soda does not treat erectile dysfunction. It does not improve blood flow, nitric oxide production, hormone regulation, or nerve signaling - the systems that actually make erections possible. What it can do is introduce unnecessary health risks while delaying proper medical evaluation. Erectile dysfunction is not a moral failing or a lack of effort. It is often an early indicator of cardiovascular, metabolic, or psychological conditions that deserve real attention. While myths and shortcuts may feel appealing, they rarely solve the problem and often create new ones. When it comes to erectile dysfunction, evidence-based care consistently outperforms internet remedies. Science may not promise instant fixes, but it offers solutions that are safer, proven, and effective. Frequently Asked Questions About Baking Soda and Erectile Dysfunction Can baking soda really treat erectile dysfunction? No, baking soda cannot treat erectile dysfunction. There is no scientific or medical evidence showing that baking soda improves erections or treats ED. Erectile dysfunction is usually caused by issues related to blood flow, hormones, nerves, or psychological factors and baking soda does not address any of these causes. Why do people think baking soda helps with erections? Many people believe baking soda helps ED because of online myths and home-remedy claims . Some articles suggest it “improves circulation” or “balances body pH,” but these ideas are not supported by medical research. In most cases, any perceived benefit is likely due to the placebo effect rather than real improvement. Is it safe to drink baking soda for erectile dysfunction? Drinking baking soda is not considered safe as a treatment for erectile dysfunction. Consuming it regularly or in large amounts may cause: Stomach irritation and bloating Electrolyte imbalance Increased sodium levels Potential complications for people with heart, kidney, or blood pressure conditions Because of these risks, doctors do not recommend baking soda as an ED remedy. How long does baking soda take to help erectile dysfunction? There is no proven timeframe , because baking soda does not treat erectile dysfunction. If someone notices temporary changes, they are likely unrelated or placebo-based and not a reliable or lasting solution. What are safer alternatives to baking soda for ED? Safer and medically proven alternatives include: Prescription ED medications such as sildenafil or tadalafil Lifestyle improvements like regular exercise, healthy diet, and stress management Treating underlying conditions such as diabetes or high blood pressure Counseling or therapy for anxiety-related ED These approaches focus on the root cause of erectile dysfunction , not temporary or unproven fixes. ﻿When should I see a doctor for erectile dysfunction? You should speak with a doctor if: ED occurs frequently or lasts longer than a few weeks It affects confidence, relationships, or quality of life You have medical conditions like diabetes or heart disease Erectile dysfunction appears suddenly or worsens quickly ED can sometimes be an early sign of other health concerns , making medical evaluation important. Can erectile dysfunction be treated safely online? Yes in the majority of cases but not all. Many men now choose online doctor consultations for ED treatment. These services provide private evaluations, licensed medical review, and evidence-based treatment plans offering convenience without compromising safety. Loading DirectMeds...",200,c0771b0540a51cea7bf1d834bfb074e2,False,,0,2,,0.0,True,False,True,True,19,53
https://www.directmeds.com.au/blog/erectile-dysfunction/a-guide-to-online-erectile-dysfunction-treatment-in-australia,Online Erectile Dysfunction Treatment in Australia,"Confidential ED treatment online in Australia. AHPRA doctors, LegitScript approved, discreet shipping, and fast consults. Start your consultation today!",1,1,4,1,1882,"Online Erectile Dysfunction Treatment in Australia A Guide to Online Erectile Dysfunction Treatment in Australia Starting Erectile Dysfunction (ED) treatment can feel daunting, but it’s the key to regaining confidence and wellbeing. With DirectMeds Australia, men can access safe, discreet, fully online ED treatment. Our AHPRA-registered doctors provide private consultations and prescribe TGA-compliant medication via our LegitScript-approved platform. Take control of your health today—confidential, professional ED care made simple and secure. By DirectMeds Doctors 11/11/2025 ED treatment in Australia Erectile Dysfunction treatments erectile dysfunction doctor erectile dysfunction pills erectile dysfunction medication cure for erectile dysfunction We can all agree that deciding to start Erectile Dysfunction (ED) treatment often feels like the hardest part, but honestly, it is the biggest step forward. It is a clear, decisive sign that a man is finally ready to put his health and confidence first. Here at DirectMeds Australia , we truly understand how facing ED can feel awkward, maybe even a little shameful or isolating. That’s exactly why we built our telehealth platform. It is private and safe, entirely online, designed to connect Australian men with excellent medical care while completely removing the need for a stressful, physical clinic visit. We are focused on making ED treatment in Australia easy to access for every single man who needs it. The health landscape here in Australia is shifting quickly. Telehealth has fundamentally changed how we handle treatment, especially for deeply personal issues like this. When you choose a LegitScript approved platform like DirectMeds Australia, you are not just ticking a box. You are choosing a path defined by clinical excellence, and guided by our experienced, AHPRA-registered Australian doctors who provide a complete safe and discreet treatment experience. Ready to take control? It is time to start your private, 100% online erectile dysfunction consultation with an AHPRA-registered doctor today and find personalised Erectile Dysfunction Treatment. Visit the DirectMeds Australia platform to begin. What is Erectile Dysfunction? and Why Does It Affect So Many Men? So, what is ED , exactly? Erectile Dysfunction (ED) is basically the persistent struggle to get or maintain an erection that is firm enough for satisfactory sexual activity. It is a health issue affecting men of all ages, although it is completely understandable that it becomes more common as we get older. Many people, perhaps surprisingly, do not grasp how common is erectile dysfunction . Just look at the data! Australian health sources suggest that at least one in five Australian men over the age of 40 experiences erectile problems. If you look at men aged 65 and older, that figure sadly climbs beyond 60% (Source: Healthy Male. (2019). Erectile Dysfunction Fact Sheet ). These numbers should make us all realize something important. Erectile Dysfunction is not a personal failure or something to hide. It is a genuine medical condition that vast numbers of men deal with, and it absolutely requires professional attention. Recognising the Symptoms of Erectile Dysfunction If you have been consistently dealing with those frustrating ed issues, it really is time to seek advice. The symptoms of erectile dysfunction are generally quite recognizable. They might include ongoing trouble achieving an erection, an inability to maintain it during intimacy, or just a noticeable drop in your normal sexual desire. When these issues persist and begin to cause real stress or strain in a relationship, seeking qualified treatment for ed becomes the smartest and most proactive step you can take. Understanding the Complex Causes of Erectile Dysfunction For anyone starting out with Erectile Dysfunction treatments , figuring out the root cause is always the first step. The erectile dysfunction causes can be extremely varied. They cover everything from deep physical problems to temporary mental stress. Because it is so common for the problem to be a mix of the two, getting a professional medical consultation is truly vital. Physical ED Symptoms Many men, especially those over 40, find that their erection problems have a physical beginning. Think about it this way. Getting an erection depends entirely on healthy blood flow. So, it makes sense that conditions which damage or restrict your blood vessels are almost always the main causes: Heart and Blood Issues: Problems like high blood pressure, high cholesterol, and existing heart disease can narrow the blood vessels that supply the penis. It is worth noting that ED often looks like an early warning sign of heart problems. It can appear years before a serious heart attack or stroke happens. Diabetes : High sugar levels, when not controlled, sadly damage both the blood vessels and the delicate nerve endings needed for a strong erection. Weight : Carrying extra weight often adds to the physical causes, directly affecting things like blood pressure and diabetes risk. Medicines : Some necessary prescriptions, perhaps for blood pressure or certain medicines for depression, ma y suggest a temporary link to ED as a side effect. Psychological and Lifestyle Factors We know that physical health is the main factor, but mental health and lifestyle choices play a huge role too. However, the picture often gets complicated. It is very common to find physical changes combined with mental or emotional stress both contributing at the same time. Stress and Anxiety : When performance anxiety kicks in, maybe that feeling of pressure or the simple fact of having a stressful week, it releases adrenaline. That hormone rush physically restricts blood flow, which makes it almost impossible to get or hold an erection. Mental Health : Depression and ED are often connected. Long-term ED issues can sometimes be a symptom of low mood, or feelings of hopelessness can make the problem much worse. Unhealthy Habits : Smoking is one of the biggest dangers because it directly damages blood vessels. Drinking too much alcohol and living a life with little exercise further harm heart health, making it much harder to figure out how to fix ed. The Smart Way to Access Erectile Dysfunction Medication in Australia If you have decided to see a doctor about your condition, here is the good news. The right e d doctor or specialist is now easily reachable online. When you choose the right telehealth platform to connect you with a registered erectile dysfunction doctor, you completely remove the unnecessary stress that comes with traditional clinics. Why Online Access Is Better Than Searching for a Clinic Just think about the ease of choosing privacy. Instead of looking for an erection clinic, ed clinics, or ed doctor near me and dealing with long travel times, the online model from DirectMeds Australia is simply the smarter, better choice. Complete Privacy and Easy Access : You speak with AHPRA-registered doctors without ever having to sit in a public waiting room, and you get high-quality care no matter where you live in Australia. Simple Convenience : The entire process, right up to receiving your erectile dysfunction pills, is handled online and fits around your own schedule. What Happens When You Consult Our Doctors? The diagnosis process here at DirectMeds Australia is designed to be fast, yet it remains medically strict. We always follow all Australian health standards: Private Assessment : You start by filling out our secure online medical form. This gives our doctors a clear, detailed picture of your health history and symptoms. AHPRA Doctor Review and Consultation : An experienced, Australian-registered doctor reviews your information. They will then have a real-time phone or video consultation with you. This is a crucial step required by the Medical Board of Australia to make sure prescribing is done safely. Personalised Treatment Plan : Based on their review, the doctor figures out the likely causes of erectile dysfunction and (if appropriate) issue a prescription for the most suitable, TGA-compliant ED medication in Australia. If you are looking for a reliable and private provider for erectile dysfunction medication in Australia, look no further. DirectMeds Australia guarantees TGA-compliant medicine sent by our partner pharmacy with complete privacy and safety. Start your consultation now. Are There Any Home Remedies for Impotence Erectile Dysfunction? How to Fix ED Long-Term? If your ultimate goal is figuring out how to fix ed for good, you need to know this. Addressing lifestyle and underlying health issues is a key step that absolutely must go hand-in-hand with any medical Erectile Dysfunction Treatment. 5 Key Areas to Focus on how to improve erectile dysfunction Lifestyle changes are a big part of the plan to address erection problems. They show you how to improve ed naturally: Protect Your Heart : Because the issue is largely about blood vessels, you must actively manage key conditions like diabetes, blood pressure, and high cholesterol. Exercise : Regular activity that gets your heart pumping is very helpful. It increases blood flow everywhere in your body, providing a powerful natural therapy for weak erection . Manage Weight : Losing extra weight often greatly improves how your blood vessels work, especially if you carry significant excess weight. Stop Smoking and Limit Alcohol : We all know smoking severely damages blood vessels. Stopping smoking and drinking less alcohol are among the most effective steps you can take to figure out how to fix ed. Get Mental Health Support: If stress, anxiety, or depression are contributing factors, professional counselling or impotence therapy can be highly effective in dealing with the mental side of the condition. Choosing a Safe and Legitimate Partner for Your Care When you are choosing an Erectile Dysfunction Treatment provider, your personal safety has to be your top priority. Remember that unregulated websites pose a serious risk. When searching for ED help, you must always check that your provider meets these necessary standards for high-quality Australian care: AHPRA-Registered Doctors : The platform must only use doctors registered with the Australian Health Practitioner Regulation Agency. We absolutely meet this standard. LegitScript Approved and TGA-Compliant Medicine : Look for the LegitScript seal. DirectMeds Australia is an Approved platform, guaranteeing the highest standards for safety and trustworthiness. When our doctors prescribe any medication, rest assured that all medicine is sourced from registered Australian partner pharmacies and is approved by the Therapeutic Goods Administration. Real-Time Consultation : This is crucial. Avoid any service that promises a prescription just for filling out a simple form. A real-time, private consultation is legally required for safe prescribing in Australia. Stop taking risks with providers you cannot trust. When you need a trustworthy online erectile dysfunction consultation with the guarantee of clinical excellence and privacy, choose DirectMeds Australia. Your health journey starts here. Conclusion: Taking Control with DirectMeds Australia The bottom line is that getting Erectile Dysfunction Treatment does not have to be an embarrassing or difficult process. The future of men's health is already here. It offers a path that is both medically superior and fully private. At DirectMeds Australia, we focus on giving premium medical care. This care is professional, private, empathetic, and it comes from experienced, AHPRA-registered Australian doctors. We are a dedicated partner in your health journey, making sure you get the highest standard of safe and effective care. If you are looking for an experienced doctor for erection problem who puts your privacy and safety first, DirectMeds Australia is the clear answer. Ready to take the next step? Contact DirectMeds Australia to start your secure and private consultation today. DirectMeds Australia is the new standard in men’s health car Loading DirectMeds...",200,770ec35d4d92ae63fdcf09ed84e8e2fe,False,,0,3,,0.0,True,False,True,True,19,53
https://www.directmeds.com.au/blog/erectile-dysfunction/how-to-talk-to-your-partner-about-erectile-dysfunction-ed,How to Talk to Your Partner About Erectile Dysfunction,"Learn how to talk to your partner about ED with empathy, honesty, and support. Break the silence and build a stronger connection together.",1,6,2,1,1108,"How to Talk to Your Partner About Erectile Dysfunction How to Talk to Your Partner About Erectile Dysfunction (ED) A practical guide to discussing ED with empathy, addressing common fears, and strengthening your intimacy as a team. By DirectMeds Doctors 8/19/2025 erectile dysfunction communication talk about ED partner support ED men’s sexual health intimacy and ED ED Australia Erectile dysfunction (ED) is often discussed in medical terms: blood flow, nerve signals, and treatment options. But for thousands of Australian men and their partners affected by it, erectile dysfunction is rarely just a physical issue. It carries an emotional weight that can create silence, distance, and misunderstanding within a relationship. The good news is that communication can turn this challenge into an opportunity for a deeper connection. While it’s a common health issue, affecting at least one in five Australian men , the conversation about erectile dysfunction is one many couples avoid [1]. This guide provides practical, empathetic advice on how to start that conversation, navigate common fears, and work together as a team to manage erectile dysfunction and strengthen your intimacy. Why Talking Is So Hard (and So Important) Powerful, unspoken fears from both partners often fuel the silence around erectile dysfunction. For the person experiencing erectile dysfunction: The primary fears often revolve around feelings of failure, inadequacy, or a loss of masculinity. There’s a deep-seated worry that their partner will see them as less of a man, find them unattractive, or even reject them. For their partner: The internal monologue can be just as damaging. They might wonder, “Is it me? Am I no longer attractive to them?” or feel rejected without understanding the cause. They may want to help but are often afraid of saying the wrong thing and making the situation worse [2]. Breaking this silence is the single most important step. When left unaddressed, these fears can build resentment and emotional distance, causing far more damage to a relationship than the erectile dysfunction itself. A Practical Guide to Starting the Conversation Initiating this talk requires sensitivity and a safe environment. It’s not a conversation to have in the heat of the moment or when you’re feeling frustrated. 1. Choose the Right Time and Place.. Find a calm, private moment where you won’t be interrupted. This isn’t a topic for right after a disappointing sexual encounter or when one of you is rushing out the door. Choose a neutral space, like a quiet walk or sitting on the couch when you’re both relaxed. 2. Use “I” Statements to Share Your Feelings.. Frame the conversation around your own experience to avoid any unintentional blame. Instead of saying: “You never seem interested anymore.” Try: “I’ve been feeling a bit distant from you lately, and I want to talk about it. I’ve been dealing with a health issue that’s been on my mind.” 3. Frame It as a Health Issue, Not a Personal Failing.. Erectile dysfunction is a medical condition, just like high blood pressure or diabetes. Presenting it as such helps to de-personalize it and reduce feelings of shame. A great starting point is: “I think I’m dealing with erectile dysfunction. It’s a medical thing, and I’d like us to figure it out together.” 4. Reassure Your Partner Immediately.. This is the most crucial step. Directly address the fear that they are the problem. Be explicit: “This has nothing to do with you or how much I desire you. You are as attractive to me as ever. This is a physical or psychological issue that I need to address.” [3] Working Together as a Team Once the conversation is open, erectile dysfunction can shift from being “his problem” to “our challenge.” Shift the Focus from Performance to Pleasure: Intimacy is much more than just penetrative sex. This is an opportunity to explore other ways of being intimate and giving each other pleasure. By taking the pressure off the erection itself, you can often reduce the anxiety that makes erectile dysfunction worse. Learn Together: Researching the causes and treatment options as a couple can be incredibly empowering. It reinforces that you’re a team. In fact, recent research shows that when partners use empathetic communication to discuss erectile dysfunction, it is directly linked to better sexual satisfaction and relationship adjustment for the couple. [3] Support Medical Steps: Offer to attend a doctor’s appointment (in-person or virtual) or help them start their confidential online assessment. This show of solidarity can make a huge difference. Beyond Medication: Your Doctor’s Holistic Approach A comprehensive approach to erectile dysfunction often goes beyond just a prescription, especially when factors like stress and performance anxiety are involved. This is where the supportive guidance of your doctor becomes invaluable. An experienced GP doesn’t just treat the symptoms; they create a holistic and personalised treatment plan . During your confidential consultation, your doctor can: Provide guidance on how to communicate with your partner about erectile dysfunction, reducing stress for both of you. Develop strategies to help you manage performance anxiety as part of your overall treatment. Explain how to use medical treatments (like medication) effectively to rebuild sexual confidence. Offer practical advice on lifestyle changes that can improve both your physical and mental wellbeing. From a Problem to a Partnership Talking about erectile dysfunction is the first and most powerful step you can take. It transforms a source of anxiety and isolation into a shared journey. By approaching the conversation with empathy, reassurance, and a commitment to teamwork, you can protect your intimacy and strengthen your relationship, turning a potential crisis into a moment of connection. How to Get Started? Ready to take the next step? At DirectMeds Health — Australia, our experienced, AHPRA-registered Australian doctors provide the highest standard of confidential medical care, 100% online. As a LegitScript-approved platform, we guarantee a safe, discreet, and professional path to managing your health. Visit DirectMeds Health — Australia to start your secure consultation today. This article is for informational purposes only and does not constitute medical advice, diagnosis, or treatment. The information provided is not a substitute for professional medical advice. Always seek the advice from qualified health provider (such as DirectMeds Health — Australia ) with any questions you may have regarding your medical condition. References [1] Healthy Male (Andrology Australia). (2019). Erectile Dysfunction Fact Sheet . [2] The Journal of Sexual Medicine. Fisher, W. A., et al. (2009). The Experience of Female Partners of Men with Erectile Dysfunction . [3] Springer Nature. (2025). Help-Seeking for Sexual Difficulties Among Australian Men: Analysis of the Ten to Men Longitudinal Study . [4] Royal Australian College of General Practitioners (RACGP). (2020). Sexual dysfunctions and sex therapy . Loading DirectMeds...",200,59d4d9fd5504c68da96e24a866b86908,False,,0,2,,0.0,True,False,True,True,19,53
https://www.directmeds.com.au/blog/erectile-dysfunction/a-guide-to-erectile-dysfunction-for-young-men,ED in Your 20s or 30s? You’re Not Alone,"Younger men can and do experience erectile dysfunction. Learn what causes ED in your 20s and 30s, and how to treat it safely and discreetly with DirectMeds.",1,7,2,1,1032,"ED in Your 20s or 30s? You’re Not Alone A Guide to Erectile Dysfunction for Young Men Think ED is just an older man’s issue? Think again. If you’re in your 20s or 30s and struggling with erections, you’re not alone, and it’s usually treatable. From anxiety to alcohol, we unpack the surprising causes of ED in younger men and how to take back control. By DirectMeds Doctors 8/18/2025 Erectile Dysfunction ED under 40 Men's Health anxiety Young Men Wellbeing When most people think of erectile dysfunction ( ED ), they picture a man in his senior years. It’s a common misconception, and one that leaves many younger men feeling isolated and confused when they experience it themselves. The reality is, erectile dysfunction is not exclusively an age-related issue. In Australia, it’s recognized that erectile dysfunction affects men of all ages, with one foundational study finding a prevalence of 8.5% in men aged just 35–39 [1]. If you’re under 40 and experiencing difficulties with erections, you are not alone. More importantly, it’s a health issue that is highly treatable. For younger men, the causes are often different from those in older demographics, and understanding these unique factors is the first step towards finding a solution. The Mind-Body Connection: Why Younger Men Experience Erectile Dysfunction While erectile dysfunction in older men is frequently linked to underlying physical conditions like cardiovascular disease or diabetes, the story is often different for men in their 20s and 30s. In this age group, the causes are more commonly psychological or related to lifestyle factors [2]. This is often referred to as “psychogenic ED,” where mental or emotional factors interfere with the brain’s ability to send the necessary signals to the body to achieve and maintain an erection. Your body might be physically capable, but your mind is getting in the way. Unpacking the Psychological Triggers For many young men, the pressure to perform sexually can create a powerful cycle of anxiety. A single instance of being unable to get an erection can trigger a deep-seated fear that it will happen again. Performance Anxiety: This is one of the most common culprits. Worrying about your sexual performance can lead to a “spectator” role, where you’re so focused on analysing your erection that you can’t relax and be present in the moment. This anxiety releases stress hormones like adrenaline, which can restrict blood flow and actively work against the erectile process [3]. Generalised Stress: The pressures of modern life , career demands, financial stress, and relationship conflicts ; all take a toll on your mental state. Chronic stress keeps your body in a “fight-or-flight” mode, suppressing functions that aren’t essential for immediate survival, including sexual response. Depression and Anxiety: Mental health conditions like depression and anxiety have a strong physiological link to erectile dysfunction. They can disrupt the delicate balance of neurotransmitters in the brain that are responsible for sexual arousal and function [2]. How Lifestyle Choices Play a Crucial Role While psychological factors are often the primary driver, lifestyle choices can significantly contribute to erectile dysfunction in younger men. Think of these as adding fuel to the fire, or in some cases, being an early warning sign of future physical problems. Key lifestyle factors include: Excessive Alcohol Consumption: Alcohol is a depressant that can dull arousal signals from the brain and impact circulation. Smoking and Vaping: Nicotine is a vasoconstrictor, meaning it narrows your blood vessels. This directly impairs blood flow to the penis, which is essential for a firm erection. Poor Diet and Lack of Exercise: A sedentary lifestyle and a diet high in processed foods can lead to obesity and poor cardiovascular health, which are major risk factors for erectile dysfunction at any age [4]. What Are the First Steps? A Practical Plan The most important thing to remember is that erectile dysfunction is a medical condition, and seeking help is a sign of strength. Talk to a Trusted GP: Your doctor is the best starting point. They can help rule out any underlying physical causes and provide a safe space to discuss what you’re experiencing. A GP can conduct a health assessment and discuss all available treatment options. This can be done in person or discreetly via a telehealth consultation [4]. Consider Counselling: Since the causes are often psychological, speaking with a counsellor or therapist can be incredibly effective. A mental health professional can provide you with strategies to manage performance anxiety, stress, and any other emotional factors contributing to the issue. Make Small, Sustainable Lifestyle Changes: You don’t need to overhaul your life overnight. Start by reducing your alcohol intake, creating a plan to quit smoking, incorporating 30 minutes of moderate exercise into your day, and improving your diet. These changes can have a powerful positive impact on both your erections and your overall health. The Final Word: You Can Take Control Experiencing erectile dysfunction when you’re young can be confronting, but it is almost always reversible. It’s not a reflection of your masculinity or your ability to be a good partner. By understanding the common triggers and taking proactive steps to address them, you can regain control of your sexual health and confidence. How to Get Started? Ready to take the next step? At DirectMeds Health — Australia, our experienced, AHPRA-registered Australian doctors provide the highest standard of confidential medical care, 100% online. As a LegitScript-approved platform, we guarantee a safe, discreet, and professional path to managing your health. Visit DirectMeds Health — Australia to start your secure consultation today. References [1] Smith, A. M. A., et al. (2009). Sexual and relationship satisfaction among heterosexual men and women . [2] Healthy Male. (2024). Causes of erectile dysfunction . [3] The Conversation. (2022). Anxiety can lead to erection problems in young men — but reaching for Viagra isn’t always the solution. [4] Healthdirect Australia. (2024). Erectile dysfunction (impotence) . This article is for informational purposes only and does not constitute medical advice, diagnosis, or treatment. The information provided is not a substitute for professional medical advice. Always seek the advice from a qualified health provider (such as DirectMeds Health — Australia ) with any questions you may have regarding your medical condition. Loading DirectMeds...",200,57a6157b3ada85a2f52ba28d5b79981a,False,,0,1,,0.0,True,False,True,True,19,53
https://www.directmeds.com.au/blog/erectile-dysfunction/erectile-dysfunction-gp-dramatic-day,Erectile dysfunction: a GP’s dramatic day,"A first person story from an Australian GP about erectile dysfunction. Practical steps, and stigma free advice without medical claims.",1,15,2,1,1289,"Erectile dysfunction: a GP’s dramatic day Erectile dysfunction: a GP’s dramatic day Some mornings feel like triage. He paces, hands on hips. “I froze again.” We trade pressure for a plan: a seven day tracker, a no pressure intimacy week, and a 30 second reset breath before trying again. We script the partner chat so blame leaves the room. No quick fixes. Just practical steps and a private path if you want it. In the full story I share the longer dialogue, a 14 day checklist, and fresh ideas like the two room rule and a phone free hour. By DirectMeds Doctors 8/17/2025 ED Control ED sorted out ED Consultation Erectile Dysfunction Confidence and Performance 14-Day Starter Plan A messy day in clinic shows how erectile dysfunction is common, fixable with a plan, and worth talking about. Track patterns, lower pressure, tidy sleep and alcohol, and choose a private consult when you are ready. No one size fits all. [1][2][3] I am an Australian GP. By 10am the waiting room is packed. A knock, then a head pops in. He looks like he would rather be anywhere else. “Doc, I am in strife. Last night I froze again. My partner walked out. I could not keep an erection. I do not know what is wrong with me.” I invite him to sit. “You are not broken. Erectile dysfunction is common, it rises with age, and it often has more than one cause. Let us slow things down and make a plan you can stick to.” The knock, the panic, the pause He paces, hands on hips. “I tried to push through. The more I tried, the worse it got. I feel like a failure.” “Here is the first move,” I say, sliding a notepad over. “We press pause. We trade pressure for data. For seven days, you will log sleep, alcohol, stress out of 10, morning erections yes or no, and any difficulties. We will let facts beat fear.” He nods, still tense. “Second move. Tonight you tell your partner the new plan. No pressure sex holiday for a week. Practise closeness without a goal. Touch, talk, kiss. If an erection happens, great. If not, also fine.” He exhales. “That sounds human.” Our longer chat Patient: “I smoke when I am stressed.” Me: “That matters. Smoking can contribute to erection problems by harming blood flow. Cutting down is a win for sexual function and general health.” [4] Patient: “Should I be worried about my heart?” Me: “Erectile dysfunction can sometimes be associated with cardiovascular risk. That is why we look at the whole picture and build habits that support your heart and erections.” [6] Patient: “I am embarrassed to see someone in person.” Me: “You do not have to start in person. If you want privacy, book a confidential online consult with DirectMeds . You will complete a secure questionnaire, and an Australian-licensed doctor will review your case. If anything needs an exam, we will say so clearly. Otherwise -if eligible- your doctor will issue an online prescription.” Patient: “I just want this fixed fast.” Me: “I get it. No magic fixes here. What we can do today is reduce pressure, improve conditions for erections, and choose a safe pathway that suits you. That is grown up care, not quick promises.” New ideas to try this week The 30 second reset breath. When anxiety surges, sit, both feet on the floor, breathe slowly for 30 seconds. Reset the scene before you try again. The two room rule. If frustration spikes in the bedroom, change rooms for ten minutes. New context, new outcome. Intimacy without targets. Pick three non sexual moments of closeness each day. Quick hug, longer kiss, shared shower. Take erections off the scoreboard for now. Weekend alcohol holiday. Try two alcohol free days back to back. Many men notice stronger morning erections after lower intake. [2] Phone free hour. Blue light and doom scrolling can dent arousal. Park the phone outside the bedroom. Smoke smart steps. Swap one cigarette break for a walk or call a mate. Repeat tomorrow. Small wins compound. [4] Is it all in my head or in my body? Short answer. Often both. Patterns help you tell them apart. If morning or solo erections are fine but partnered sex stalls, that leans toward stress. If erections are unreliable in every setting, physical factors might be in the mix and are worth a check in. [2][3] A dramatic moment, handled Back in the room he breaks down. “I told her I might be better off alone.” I hand over tissues. “Hold that thought. Tonight try this script.” You: “I care about us. My erections have been unreliable. It is not your fault. I am taking a week to reset pressure, improve sleep, and cut alcohol. I am booking a private online consult.” Partner: “Thanks for telling me. How can I help?” You: “Patience, and more cuddles. We will get there.” Your 14 day starter plan Days 1 to 3 Start the tracker . Sleep, stress, alcohol, morning erections, any difficulties. No pressure intimacy only. Book a confidential online consult with DirectMeds for a qualified review when you are ready. Days 4 to 7 Movement most days. A brisk walk or a short ride. Alcohol holiday. Two to three days without alcohol. Reset breath before intimacy. Partner check in using the script above. Days 8 to 14 Review your tracker. Spot patterns. Keep intimacy gentle. If problems persist or red flags appear like chest pain or severe shortness of breath, seek prompt medical care. If you prefer online care, continue with DirectMeds for a tailored plan and ongoing support. Why I am raising awareness Erectile dysfunction is common and becomes more likely with age. It often involves a mix of physical and psychological factors, not a character flaw. Talking early helps you find simple, practical steps and the right level of care. FAQ Is erectile dysfunction normal sometimes? Yes. Occasional erection trouble is common. Persistent difficulties are a sign to check in so you do not miss contributing factors like stress, sleep, smoking, or health conditions. [1][2] Can lifestyle changes really help? Healthy routines like better sleep, regular movement, and lowering alcohol and smoking can support sexual function and overall health. They are not a cure, but they improve the conditions for erections. [2][6] Is smoking linked to erection problems? Yes. Government guidance notes smoking can cause impotence by harming blood flow. Cutting down or quitting is a positive step. [4] Why not promise a quick cure? Australian rules require consumer health information to be accurate, balanced, and not misleading. No guaranteed cures. Safer care respects that. [5] Can I get private help without a clinic visit? Yes. You can start with a confidential online consult at DirectMeds . Australian licensed doctors, 100 percent online, discreet delivery, and ongoing support. References [1] Healthy Male. Erectile Dysfunction fact sheet. Reviewed 2018. Healthy Male [2] Healthdirect Australia. Erectile dysfunction overview. Updated 2025. Healthdirect [3] RACGP. Assessment and treatment of erectile dysfunction by the GP. 2017. RACGP [4] Australian Government Department of Health, Disability and Ageing. Smoking and erectile dysfunction. Updated 18 Dec 2024. Health, Disability and Ageing Australia [5] Therapeutic Goods Administration. Applying the Advertising Code rules. Updated 3 Oct 2024. Therapeutic Goods Administration (TGA) [6] Healthy Male. Erectile dysfunction page, lifestyle and cardiovascular links. Healthy Male Ready when you are If you want help that is private and structured, begin a confidential online consult with DirectMeds . Australian licensed doctors, 100 percent online, discreet delivery, and ongoing support. This article is general information only and does not replace professional medical advice. For diagnosis and treatment, consult your licensed healthcare provider such as DirectMeds . Loading DirectMeds...",200,f4b50148ae247bdea73abfd53e0cef75,False,,0,4,,0.0,True,False,True,True,19,53
https://www.directmeds.com.au/blog/erectile-dysfunction/gp-day-talking-erectile-dysfunction-treatment,A GP’s Day: Talking Erectile Dysfunction Treatment - DirectMeds,"A first-person story from an Australian GP about ED. Practical steps, dialogue, and stigma-free advice to help you get started safely and discreetly.",1,7,2,1,1191,"A GP’s Day: Talking Erectile Dysfunction Treatment - DirectMeds A GP’s Day: Talking Erectile Dysfunction Treatment Most men hit erection hiccups at some point. In my clinic the hardest step is starting the chat. In this story I walk you through a real dialogue, the simple seven day tracker I ask patients to keep, and the no pressure changes that support sexual function. No quick fixes. Just clear steps, privacy, and options that fit your life. If you prefer online care, Australian licensed doctors at DirectMeds can review your case discreetly so you can move from worry to a plan. By DirectMeds Doctors 8/16/2025 Real Conversation ED conversation GP's Advice for ED Erectile Dysfunction 7-day Tracker Worried about erections? Start a simple plan today. Track what is happening, cut alcohol for a week, sleep well, try stress-reduction, and book a confidential chat with a qualified doctor. Online options exist if you prefer privacy. No one-size-fits-all, so get personalised advice. I am an Australian GP. Most mornings begin with coughs and blood pressure checks. Then there is the quiet knock. A man steps in, closes the door, and lowers his voice. “Doc, it keeps happening. I get close, then nothing. I am not sure what to do.” I smile and say what I always mean. “You are not alone, and you are not broken. Let us take this one step at a time.” Many men experience occasional erection trouble, and it often has simple contributors like stress, poor sleep, or alcohol. If it becomes frequent, we look a little deeper and make a plan together. The consult: a real conversation Patient: “It is been a few months. I am 39. I feel fine otherwise.” Me: “Thanks for trusting me with this. First, it is common, and it is treatable. We will keep it practical and private.” Patient: “Is it all in my head?” Me: “Sometimes the mind is the main driver. Sometimes the body is. Often it is a mix. If you notice morning or masturbation erections are okay but partner sex is hard to maintain, that points more to stress or performance worry. If erections are difficult in every situation, we check physical factors too.” Patient: “What do we do now?” Me: “Three things today. One, understand the pattern. Two, tidy up the basics that help erections. Three, decide whether you want a private online consult or a face-to-face review.” 1) Understand the pattern I ask about timing, fatigue, alcohol, medications, relationship stress, sleep, and exercise. We note whether morning erections are present. We look for red flags like chest pain, severe breathlessness, pelvic trauma, or sudden new erectile problems after starting a medicine, which deserve prompt medical attention. Simple tracker for the next 7 days Sleep hours and quality Alcohol units Stress level out of 10 Morning erections yes or no Any difficulty getting or keeping an erection Notes on context like heavy meal or late night 2) Tidy up the basics No medical claims here, just commonsense health moves that support sexual function and general wellbeing. Cut back alcohol this week. Aim for regular movement most days. If you smoke, consider a quit plan. Smoking is linked with erection problems. Australian Health Department Prioritise sleep and simple stress-reduction like breathing exercises or a brisk evening walk. Keep intimacy gentle and pressure-free for a while. These steps are not cures. They simply create better conditions for erections and for heart health. 3) Choose your next step Some men prefer a private online pathway that is discreet and structured. Others want an in-person GP check. Both are valid. If you choose an online route, make sure the service uses Australian-licensed doctors and follows local rules for safe, balanced information that avoids unrealistic claims. You can start with a confidential online ED consult at DirectMeds . You will answer a few questions, a doctor reviews your case, and you will get guidance tailored to you. If anything suggests a face-to-face exam or tests, that is what we recommend. That is good care. A short dialogue you can borrow with your partner You: “I care about us. Lately my erections have been unreliable and it is stressing me out. It is not your fault.” Partner: “Thanks for telling me. What would help right now?” You: “Less pressure, more time together, and maybe different ways of being intimate while I work on sleep, alcohol, and stress. I am also speaking with a doctor.” Partner: “Let us try that. We are a team.” Is erectile dysfunction normal, or should I worry? Occasional loss of erection is common and often tied to tiredness or alcohol. Ongoing difficulties can be a sign to check in with a doctor so you do not miss things like high blood pressure, diabetes, or low mood. Think of ED as a nudge to look after whole-of-body health, not a verdict on your masculinity. Your 7-day starter plan Track using the simple log above. Alcohol holiday for one week. Move daily in a way you enjoy. Sleep 7 to 9 hours where possible. Pressure-free intimacy with your partner. Review meds with a professional if you suspect a side effect. Book help if problems persist. A private option is DirectMeds online consultation . Why I am raising awareness ED is common in Australia and becomes more likely with age and with health conditions like diabetes, high blood pressure, and high cholesterol. Stigma keeps men silent, which delays simple help. Starting the conversation is often the hardest part. FAQ Is erectile dysfunction common in Australia? Yes. Many Australian men over 45 report some degree of erection difficulty. Age and chronic health conditions increase risk. This is a reason to check in early, not a reason to panic. [1] How do I tell if stress is the main issue? If morning or solo erections are okay but partner sex is difficult, that pattern often points to stress or performance worry. A short period of low pressure intimacy and basic stress support can help while you seek personalised advice. [2] What should I do before any consult? Bring a one-week tracker with sleep, alcohol, stress, morning erections, and any difficulties. Note medicines or supplements. This makes your consult faster and more effective. [3] Are online services okay for ED in Australia? Yes, provided they use Australian-licensed doctors and follow local safety rules. Choose services that are transparent about who they are and how they work. [4] References [1] Healthy Male. Erectile dysfunction overview, risk factors and prevalence. [2] NHS Inform. Situational erections and psychological factors in ED. NHS inform [3] Healthy Male. Practical assessment points for ED. 4] Therapeutic Goods Administration. Applying the Advertising Code, accuracy and balance in public advertising. Last updated 11 March 2025. [5] Healthdirect Australia. ED basics and when to seek help. Ready to take the next step? If you would like discreet, judgement-free help, begin a confidential online ED consultation with DirectMeds . Australian-licensed doctors, 100 percent online, private delivery, and ongoing support. This article is general information only and does not replace professional medical advice. For diagnosis and treatment, consult your licensed healthcare provider such as DirectMeds . Loading DirectMeds...",200,310d52b78f3397b555e4d9e1afac30e1,False,,0,4,,0.0,True,False,True,True,19,53
https://www.directmeds.com.au/blog/erectile-dysfunction/the-end-of-the-waiting-room,Online ED Treatment in Australia | DirectMeds,"Discover how Aussie men are taking control of ED with safe, private online care from AHPRA doctors. 100% online, discreet, and doctor-led.",1,1,2,1,743,"Online ED Treatment in Australia | DirectMeds The End of the Waiting Room More Aussie men are skipping the clinic and turning to discreet online healthcare for sensitive issues like ED. Here’s how advanced platforms like DirectMeds are breaking barriers, with privacy, safety, and real medical expertise. By DirectMeds Doctors 8/14/2025 Men's Wellness DirectMeds Services Online Consultation Men's Health Telehealth Australia Digital Healthcare How Australian Men Are Taking Control of Their Health Online? Think about the last time you needed to see a doctor for a sensitive issue. First, there’s the mental hurdle. Then, the logistics: finding a time, taking off work, the travel, and finally, the waiting room itself; a public space for a private matter. For decades, this has been the accepted, uncomfortable reality. But what if that entire model is becoming obsolete? A quiet revolution in healthcare, powered by technology and a demand for a higher standard of care, is changing everything for men’s wellness in Australia. The Three Silent Hurdles in Men’s Health For years, experts have seen the statistics: men are often hesitant to seek medical care, especially for personal health concerns. The reasons are typically a combination of three distinct barriers: The Stigma of Sensitivity: Discussing personal issues like Erectile Dysfunction (ED) can be difficult. The clinical, often public, nature of a traditional clinic can be a major deterrent. The “Time Tax”: An appointment is never just an appointment. It’s a tax on your time, involving travel, waiting, and fitting into a rigid schedule. The Geographic Lottery: In a country as vast as Australia, your access to quality care can depend entirely on your postcode. A modern solution must do more than just exist online; it must dismantle these barriers completely. The Anatomy of a Trustworthy Online Clinic The digital shift offers a solution, but it also introduces a new question: who can you trust online? A truly “10/10” telehealth service isn’t just convenient; it’s built on a foundation of non-negotiable principles. When seeking care, these are the markers of a world-class platform: Verifiable Medical Expertise: The service must be staffed by AHPRA-registered doctors . This isn’t just a promise; it should be a verifiable fact. A top-tier service will encourage you to check your doctor’s credentials on the public AHPRA register. Ironclad Privacy as a Feature: Your privacy must be absolute. This means end-to-end data encryption, compliance with the Australian Privacy Act, and medication delivered in completely discreet, unbranded packaging. An Unwavering Commitment to Safety: A prescription should never be the only goal. The platform must require a holistic health assessment to ensure any treatment is safe for you. Furthermore, it must exclusively use TGA-approved medications sourced from a registered Australian pharmacy. True innovation in healthcare isn’t just about technology; it’s about trust. We built a platform on the belief that every man deserves access to elite medical care without reservation or compromise. The technology serves one purpose: to deliver that care safely and with unwavering authority. Putting it into Practice: The New Standard of Care This isn’t just a theoretical checklist. This is the exact model pioneered by platforms like DirectMeds Health - Australia . They have taken these pillars of trust and engineered them into a seamless online experience, effectively giving men direct, private access to the highest standard of medical care from anywhere in Australia. It represents a fundamental shift in power, placing control back into the hands of the patient. Your Questions, Answered Is telehealth for personal issues really safe? Yes. When managed by AHPRA-registered doctors who conduct a thorough health assessment, like the process required by DirectMeds , it adheres to the same high safety standards as an in-person clinic. What about my privacy? It’s paramount. With legally compliant platforms, your data is encrypted, and all treatments are sent from an Australian pharmacy in unmarked packaging. The only people who know are you and your doctor. The Future of Your Health is in Your Hands The waiting room doesn’t have to be a barrier anymore. The choice to address your health is a sign of strength, and today, you have access to a new generation of medical care that respects your time, your privacy, and your need for genuine expertise. For those ready to experience this new standard, learning more is the first, simple step. You can explore how it works by visiting a dedicated platform like DirectMeds Health - Australia , a leader in this new healthcare paradigm. Loading DirectMeds...",200,ddfebb3503f80eaa12c5d45bc8a08ac8,False,,0,2,,0.0,True,False,True,True,19,53
https://www.directmeds.com.au/blog/erectile-dysfunction/lifestyle-causes-and-treatments-for-erectile-dysfunction-in-australia,Erectile Dysfunction: Lifestyle Causes & Treatment Australia,"Understand how habits impact erections and what helps. GP-reviewed lifestyle tips, treatment options and discreet support from DirectMeds.",1,7,2,1,1011,"Erectile Dysfunction: Lifestyle Causes & Treatment Australia Lifestyle Causes and Treatments for Erectile Dysfunction in Australia ED is more than a bedroom issue. It can be a sign your heart, hormones or mental health need attention. In this GP-written guide, we unpack how smoking, alcohol, weight, sleep and stress affect erections, the lifestyle changes that make the biggest difference, and the medical options when lifestyle is not enough. Ready for discreet, 100% online care? DirectMeds connects you with Australian-licensed doctors for personalised support and treatment. By DirectMeds Doctors 8/10/2025 Erectile Dysfunction Lifestyle Treatment Men's Health Causes of ED Unhealthy habits such as smoking, heavy drinking, inactivity, obesity, poor sleep and unmanaged stress restrict blood flow and nerve signals to the penis, triggering or worsening erectile dysfunction (ED). Quitting these habits, exercising and seeking medical care - including online GP support from DirectMeds - can restore sexual function. G’day, let’s talk about erections without the awkwardness DirectMeds GPs has helped many of blokes regain confidence and retain their emotional well-being. This ultimate guide explains why lifestyle matters for erections and the proven ways to fix ED , all backed by Australian research and TGA-compliant advice. What exactly is erectile dysfunction? ED means being unable to get or keep an erection firm enough for sex. It affects many Aussie men over 45 and it is not uncommon under 40. Occasional misfires are normal; persistent problems deserve attention because ED can signal wider health risks. Why lifestyle is a game-changer? Erections rely on healthy blood vessels, nerves and hormones. Anything that hampers cardiovascular health or mood can sabotage this delicate chain . That’s why many lifestyle factors below double as red flags for heart disease or diabetes. Major lifestyle factors that can cause ED: Smoking How it harms erections: Nicotine damages the blood-vessel lining and nitric-oxide release. Key evidence: Healthy Male lists smoking among top ED risk factors Excess alcohol & recreational drugs Alcohol acts as a depressant; long-term use lowers testosterone and nerve sensitivity. Key evidence: Same national data set Physical inactivity & obesity Extra abdominal fat converts testosterone to oestrogen and narrows arteries. Key evidence: AIHW reports overweight & tobacco as leading male risk factors( AIHW ) Poor diet & high cholesterol Diets high in saturated fat accelerate atherosclerosis. Key evidence: RACGP review highlights dyslipidaemia as a modifiable ED cause( RACGP ) Sleep apnoea & fatigue Night-time oxygen drops blunt testosterone pulses and endothelial function. Key evidence: Healthy Male includes sleep apnoea as a contributor to ED. Stress, anxiety & depression Elevates cortisol, lowering libido; many antidepressants also cause ED. Key evidence: MJA article on antidepressant-induced sexual dysfunction( Medical Journal of Australia ) Certain medications (e.g. β-blockers, SSRIs) Interfere with the penile nerve or vascular response. Key evidence: GP summary guide notes medication review as first-line management( RACGP ) Lifestyle changes proven to improve erections: 1. Stub out the smokes Quitting restores endothelial function within weeks and halves ED risk after one year. 2. Move more, sit less Just 30 minutes of brisk walking five days a week improved erectile scores in a landmark Italian trial; Aussie data mirror these findings. 3. Trim the waistline Losing 5–10 % of body weight boosts testosterone and penile blood flow. 4. Tame the tipple Stick to < 2 standard drinks/day. Heavy alcohol (> 3/night) triples ED odds. 5. Sleep 7–8 hrs & treat apnoea CPAP therapy often revives morning erections. 6. Mind matters Cognitive behavioural therapy (CBT), mindfulness and couples counselling ease performance anxiety – a root cause for many younger men. Tip: Tackle one change at a time; small wins snowball. Medical treatments when lifestyle alone isn’t enough PDE-5 inhibitors (sildenafil, tadalafil, vardenafil) What it does: Enhance nitric-oxide signalling to maintain penile blood flow. Notes: First-line; avoid with nitrates Vacuum erectile device What it does: Creates negative pressure to draw blood into the penis. Notes: Drug-free; good for vascular disease cases. Alprostadil injections/suppositories What it does: Directly widens penile arteries. Notes: Useful when tablets fail. Hormone therapy What it does: Testosterone replacement if clinically deficient. Notes: Requires endocrinology review. Penile implant surgery What it does: Inflatable or malleable prosthesis. Notes: Last resort; high satisfaction rates. How DirectMeds can help, discreet care without the waiting room: 100 % online consults with Australian-licensed GPs Prescribing TGA-approved ED medicines Discreet pharmacy delivery Australia-wide Ongoing follow-up to tweak dose and lifestyle advice Ready to act? Start your confidential ED consultation today. Conclusion Erectile dysfunction isn’t just “in your head”, it’s often your body’s early warning light. By tackling smoking, alcohol, weight, sleep and stress, and adding professional help when needed, most men see remarkable improvement. DirectMeds Services is here to guide you every step, discreetly and professionally. Frequently Asked Questions Can losing weight really reverse ED? Yes. A 10 % weight loss improved erectile function in obese men in multiple studies, likely via better testosterone and vascular health.( RACGP ) Is it safe to buy ED pills online? Only from Australian services that use registered doctors and TGA-approved pharmacies – like DirectMeds – to ensure genuine medication and proper screening. How long do PDE-5 tablets take to work? Sildenafil starts in ~30 min and lasts 4 hrs; tadalafil in 30-60 min but lasts up to 36 hrs. Timing varies with food and dose – your GP will advise.( Medical Journal of Australia ) References Healthy Male. Erectile Dysfunction (Medically reviewed 2024). AIHW. Health behaviours and risk factors of Australia’s males (2023).( AIHW ) RACGP. Assessment and treatment of erectile dysfunction by the GP (Updated 2023).( RACGP ) Chung E et al. USANZ & AChSHM guidelines on ED management , Med J Aust 2022;217:318-324.( Medical Journal of Australia ) Wallis KA. Antidepressant-induced sexual dysfunction , Med J Aust 2020;212:329-334.( Medical Journal of Australia ) Foo D. Rise of direct-to-consumer telemedicine services in Australia , Med J Aust 2023;219(8).( Medical Journal of Australia ) This article provides general information only and is not a substitute for personal medical advice. Always consult a qualified health-care professional – such as the Australian-licensed doctors at DirectMeds – for diagnosis and treatment. Loading DirectMeds...",200,3c9d8fb40df8fe447f266819ce24e418,False,,0,2,,0.0,True,False,True,True,19,53
https://www.directmeds.com.au/blog/erectile-dysfunction/causes-of-erectile-dysfunction,Causes of Erectile Dysfunction | DirectMeds,"ED can be caused by physical conditions like diabetes or heart disease, psychological stress, or lifestyle factors. Learn what might be behind your symptoms.",1,9,2,1,879,"Causes of Erectile Dysfunction | DirectMeds Causes of Erectile Dysfunction Erectile dysfunction (ED) often has more than one cause, from physical conditions like heart disease or diabetes to psychological factors such as anxiety or stress. Understanding what’s behind ED is the first step to finding a solution. This article explores the common physical, mental, and lifestyle reasons for erection issues, with a focus on how age, health, and habits contribute. If you’re affected, you’re not alone, and help is available. By DirectMeds Doctors 7/29/2025 Erectile Dysfunction ED Causes Men's Sexual Health ED in Australia Psychological ED Physical Causes of ED Young Men and ED Diabetes and Erectile Dysfunction Heart Health and ED ED can feel like it hits out of nowhere. But often, there’s a reason behind it, and sometimes it is more than one. Understanding what causes erectile dysfunction is the first step in taking back control of your sexual health. AnswerBox: Erectile dysfunction can be caused by physical health issues like heart disease or diabetes, psychological factors like stress or anxiety, or a combination of both. What Is Erectile Dysfunction, Really? Erectile dysfunction (ED) refers to the consistent inability to achieve or maintain an erection sufficient for satisfactory sexual performance. It’s a medical condition that affects confidence, emotional wellbeing, and intimate relationships [1]. In Australia, it is not uncommon to have Erectile Dysfunction and the percentage increases with age [1]. Common Physical Causes of ED The majority of ED cases are linked to underlying physical health conditions that impact blood flow, nerve function, or hormone levels. Scientifically supported causes include: · Cardiovascular disease : Atherosclerosis can reduce arterial blood flow to the penis, impairing erectile response [1]. · Diabetes mellitus : Both type 1 and type 2 diabetes are strongly associated with ED due to vascular and neurological damage [1][3]. · Hypertension and high cholesterol : These contribute to endothelial dysfunction, which impairs blood vessel dilation necessary for erections [1]. · Obesity : Excess adipose tissue can lead to hormonal imbalances and increased risk of metabolic syndrome [3]. · Prostate cancer treatment : Surgical and radiotherapy interventions often damage the nerves or blood supply to the penis [1][4]. · Neurological disorders : Conditions like Parkinson’s disease, multiple sclerosis, and stroke are all documented ED risk factors [3]. · Medication side effects : Common offenders include selective serotonin reuptake inhibitors (SSRIs) and antihypertensives [5]. Psychological and Behavioural Factors Mental health and sexual performance are tightly linked. Psychological causes are especially prevalent in younger men and may either be primary or secondary to physical ED. · Stress and performance anxiety can disrupt the brain-penis connection essential for initiating erections [2][5]. · Depression is often accompanied by reduced libido and impaired arousal [1]. · Relationship difficulties or traumatic experiences may result in sexual dysfunction. · Porn-induced ED , though still debated, is gaining recognition for contributing to desensitisation and altered arousal responses. ED in Younger Men: A Growing Concern While ED is commonly seen as an age related condition, recent data show a rising prevalence among men under 40. Contributing factors include: · High psychological stress related to work, study, finances or relationships [2] · Early exposure to internet pornography and unrealistic expectations · Illicit drug and alcohol use , especially substances that impair central nervous system function · Lack of sleep and sedentary lifestyle Research published in the Medical Journal of Australia emphasises that early ED in young men may be a “canary in the coal mine” for broader psychological or metabolic concerns [5]. When to Seek Medical Advice ED can be a symptom of serious underlying health problems. According to Healthy Male, men experiencing persistent ED should seek medical assessment not only to improve sexual function but to identify potentially life threatening conditions like cardiovascular disease [1][6]. DirectMeds offers 100% online consultations with Australian-licensed doctors. You’ll receive a private, convenient, and medically supported pathway to treatment delivered discreetly to your door. Take Control of Your Sexual Health ED is common, but it’s also highly treatable. Whether the cause is physical, psychological, or both, effective treatment starts with getting the right support. Book an online consult with an Aussie ED Doctor today and explore your tailored options. FAQ What are the most common causes of erectile dysfunction? Vascular disease, diabetes, hypertension, and psychological stress are leading causes of ED. Neurological conditions and medication side effects are also common [1][3][5]. Can stress or anxiety cause erectile dysfunction? Yes. Stress and performance anxiety can inhibit the brain’s signal to initiate an erection, particularly in younger men [2][5][6]. Is ED permanent or can it be treated? Most cases of ED are treatable. Management may involve medication, lifestyle modification, counselling, or addressing underlying health issues [1][4]. References [1] Healthy Male, Erectile Dysfunction Fact Sheet: https://www.healthymale.org.au/mens-health/erectile-dysfunction [2] Dr. Zae Al-zubaidi, Is Your Brain Sabotaging Your Erections? The Unspoken Link Between Stress and Erectile Dysfunction , DirectMeds.com.au. [3] Australian Institute of Health and Welfare, Cardiovascular Health. https://www.aihw.gov.au/reports/heart-stroke-vascular-diseases/cardiovascular-health-compendium [4] RACGP, Management of ED post-prostate cancer treatment. https://www.racgp.org.au/afp/2013/march/erectile-dysfunction [5] Medical Journal of Australia, Psychological impact and treatment considerations of ED. https://www.mja.com.au/journal/2020/psychological-erectile-dysfunction [6] [Ultimate Guide to Erectile Dysfunction] – Medium (Insert link) This article is general information only and does not replace professional medical advice. For diagnosis and treatment, consult your Aussie licensed healthcare provider . Loading DirectMeds...",200,91ca1fbc0e5a7c82bb4fc5f3171e38b3,False,,0,3,,0.0,True,False,True,True,19,53
https://www.directmeds.com.au/blog/erectile-dysfunction/is-your-brain-sabotaging-your-erections,Is Your Brain Sabotaging Your Erections? The Unspoken Link Between Stress and Erectile Dysfunction - DirectMeds,"You’re healthy. You’re attracted to your partner. By all accounts, everything should be working perfectly. Yet, when the moment comes, you’re met with frustration. The erection that was there a moment ago vanishes, or never fully arrives. It’s a confusing and deeply personal struggle, especially when there seems to be no physical reason for it.",1,0,2,1,971,"Is Your Brain Sabotaging Your Erections? The Unspoken Link Between Stress and Erectile Dysfunction - DirectMeds Is Your Brain Sabotaging Your Erections? The Unspoken Link Between Stress and Erectile Dysfunction You’re healthy. You’re attracted to your partner. By all accounts, everything should be working perfectly. Yet, when the moment comes, you’re met with frustration. The erection that was there a moment ago vanishes, or never fully arrives. It’s a confusing and deeply personal struggle, especially when there seems to be no physical reason for it. By DirectMeds Doctors 7/24/2025 Erectile Dysfunction Men's Health Stress Sexuality Mental Health If this sounds familiar, you’re not alone. The culprit may not be in your body, but in your brain (the most powerful sex organ you have). This is the world of psychogenic erectile dysfunction , where mental and emotional factors like stress and anxiety directly impact physical performance. It’s a major contributor to cases of stress and erectile dysfunction , particularly in men under 40. Let's unpack the science behind this powerful mind-body connection. The Biology of Arousal vs. Anxiety Your body operates on two main settings, controlled by the autonomic nervous system: The Parasympathetic System (“Rest and Digest”): This is your calm state. It controls functions like digestion, slowing your heart rate, and, crucially, allowing erections to happen by relaxing blood vessels and enabling blood to flow where it needs to. The Sympathetic System (“Fight or Flight”): This is your stress response. When you perceive a threat (whether it’s a looming work deadline, financial worries, or anxiety about sex itself), this system takes over. When the ""fight or flight"" response is triggered, your body releases stress hormones like adrenaline and cortisol . These hormones are designed for survival. They increase your heart rate and redirect blood flow away from non-essential functions (like digestion and erections) and towards your large muscles, preparing you to flee or fight. As one study in the Journal of Sexual Medicine highlights, this hormonal shift directly counteracts the process of getting an erection. Essentially, your body cannot be in a state of high stress and a state of sexual arousal at the same time. Your brain, perceiving stress, is actively sabotaging the physical process required for an erection. The Vicious Cycle of Performance Anxiety This biological response creates the perfect storm for performance anxiety . It often starts with a single off-night. Maybe you were tired, had too much to drink, or were stressed about something else entirely. The erection didn’t happen as expected. The next time you’re intimate, your brain remembers that ""failure."" A new thought creeps in: “What if it happens again?” That single thought is enough to trigger your sympathetic nervous system. Your heart rate climbs, cortisol levels rise, and blood flow is restricted. You have now created the very outcome you were afraid of, reinforcing the belief that something is wrong. This vicious cycle is one of the most common drivers of psychogenic erectile dysfunction . Research confirms that performance anxiety is a primary factor in sexual dysfunction, not just for men but for their partners as well. It transforms intimacy from a shared, pleasurable experience into a high-stakes performance with a pass/fail outcome. Three Science-Backed Ways to Reclaim Control Understanding the mechanism is the first step. The next is taking action to calm your nervous system and break the cycle. Master Your Breath. It sounds simple, but it’s profoundly effective. Slow, deep, diaphragmatic breathing (breathing from your belly) is one of the fastest ways to manually activate your ""rest and digest"" system. It signals to your brain that you are safe, reducing cortisol levels and allowing your body to relax enough for arousal to occur. Prioritize Sleep. Chronic lack of sleep keeps your body in a constant state of low-grade stress, elevating cortisol levels. According to the Sleep Foundation, quality sleep is also essential for testosterone production. Making 7-9 hours of quality sleep a non-negotiable priority is fundamental for both mental and sexual health. Move Your Body. Exercise is a powerful tool for managing the stress and erectile dysfunction connection. Aerobic activities like jogging, swimming, or cycling not only improve cardiovascular health and blood flow but are also proven to reduce stress and anxiety levels, helping to break the mental feedback loop. When Lifestyle Changes Aren't Enough, It's Time for a New Strategy Building healthy habits is a powerful first step. But when stress is deeply rooted or performance anxiety has taken hold, breaking the cycle often requires more than just lifestyle tweaks. The thought of discussing it can feel overwhelming, but a confidential, professional medical consultation is the most effective way to get clarity and find a solution that works. This is where DirectMeds provides a modern, effective path forward. Our platform was designed to remove the barriers of embarrassment and inconvenience, connecting you directly with medical experts who can help. Why Consider a Consultation with DirectMeds? · Expert Medical Advice: Speak with trusted, AHPRA-registered Australian doctors who specialize in men's health. · Absolute Privacy: All consultations are 100% online and confidential, conducted from the comfort of your home. · Judgment-Free Care: Our doctors provide a supportive, understanding environment to discuss your concerns openly. · Personalised Plans: Receive a tailored treatment plan based on your unique situation and medical history. Don't let uncertainty hold you back. Taking the next step is simple and secure. Find out how a confidential consultation can help you move forward. This article is for informational purposes only and does not constitute medical advice. Please consult with a licensed healthcare provider for diagnosis and treatment. References: Erectile Dysfunction - Symptoms and Causes , Mayo Clinic. ""The Complex Relationship Between Stress and Sexual Dysfunction in Men"" , Posterity Health. ""Stress and Erectile Dysfunction: Tips for Mental Health"" , Verywell Health. ""Answered: can anxiety cause erectile dysfunction?"" , Numan. Loading DirectMeds...",200,ff2137f880f0ccdc6c806519b61b3622,False,,0,0,,0.0,True,False,True,True,19,53
